attack,epsilon,epsilon_label,pgd_steps,pgd_alpha,num_samples,clean_acc,robust_acc,attack_success_rate,avg_confidence_drop,avg_linf,avg_l2,confusion_path
fgsm,0.0,0/255,0,0.0,1000,0.932,0.932,0.0,0.0,0.0,0.0,logs/eval/natural_resnet18/confusion_fgsm_eps_0-255.npy
fgsm,0.03137254901960784,8/255,0,0.0,1000,0.932,0.074,0.9216738197424893,0.8375967864990235,0.031372576713562014,1.724109161376953,logs/eval/natural_resnet18/confusion_fgsm_eps_8-255.npy
pgd,0.0,0/255,10,0.00784313725490196,1000,0.932,0.932,0.0,0.0,0.0,0.0,logs/eval/natural_resnet18/confusion_pgd_eps_0-255.npy
pgd,0.03137254901960784,8/255,10,0.00784313725490196,1000,0.932,0.0,1.0,0.9124423828125,0.031372576713562014,1.3102273254394532,logs/eval/natural_resnet18/confusion_pgd_eps_8-255.npy
